{
    "author": "Eugen Zaharia",
    "classifications": ["WebBeds", "Web", "WebAPI"],
    "name": "WebBeds API - Starter",
    "tags": {
        "language": "C#"
    },
    "identity": "WebBeds.API.Starter",
    "shortName": "webbeds-api",
    "sourceName": "WebBedsAPIStarter",
    "preferNameDirectory": true,
    "guids": [
        "{CD1D8016-1851-4C78-95D7-7FDC19DF630F}",
        "{66AA589D-847C-4772-8156-607243DA949E}",
        "{98C3009E-18E3-464E-867E-14AF999CBFD6}",
        "{56472862-BD1C-4372-8AE6-A47E1F0DD795}",
        "{3AB5074E-6EF9-4D4B-949F-D5625236738B}"
    ],
    "primaryOutputs": [
        {
            "path": "src\\api\\WebBeds.API.Starter.Api.csproj"
        },
        {
            "path": "src\\application\\WebBeds.API.Starter.Application.csproj"
        },
        {
            "path": "src\\infrastructure\\WebBeds.API.Starter.Infrastructure.csproj"
        },
        {
            "path": "src\\domain\\WebBeds.API.Starter.Domain.csproj"
        },
        {
            "path": "tests\\WebBeds.API.Starter.Tests.csproj"
        }
    ],
    "symbols": {
        "appName": {
          "type": "parameter",
          "datatype": "string",
          "description": "Renames the default application name containing 'api-starter'",
          "defaultValue": "api-starter",
          "replaces": "api-starter"
        },
        "namespace": {
            "type": "parameter",
            "datatype": "string",
            "description": "Renames the prefix files containing 'WebBeds.API.Starter'",
            "FileRename": "WebBeds.API.Starter",
            "defaultValue": "WebBeds.API.Starter",
            "replaces": "WebBeds.API.Starter"
        }
    },
    "exclude": ["**/[Bb]in/**", "**/[Oo]bj/**", ".template.config/**/*", "**/*.lock.json"],
    "sources": [
        {
          "modifiers": [
            {
              "exclude": [".vs/**", ".git/**", "README.md"]
            }
          ]
        }
      ]
}